id,nombre,alcance,pais,cultivos,enfermedades,imagenes,anotacion,formato,licencia,url_principal,url_descarga,metodo_descarga,uso_entrenamiento,prioridad,estado,notas
DS01,Colombian Coffee Tree Leaves Multispectral,Nacional - Colombia,Colombia,Café (Coffea arabica),Roya / Coffee Leaf Rust (Hemileia vastatrix),"6,726",Clasificación binaria Rust/NoRust; hoja segmentada/máscara de fondo implícita,"JPG RGB + TIF multiespectral (Blue, Green, Red, Red Edge, NIR)",CC BY 4.0,https://www.kaggle.com/ds/5644659,https://www.kaggle.com/ds/5644659,Kaggle API / descarga ZIP,Fine-tuning prioritario para roya de café; opción futura de modelo RGB+multiespectral,P0 - Crítica,Verificado,"Fuente colombiana; imágenes RGB y cinco bandas TIF; artículo indica 6,726 imágenes."
DS02,CocoaMoniliaDataSet v2,Nacional - Colombia,Colombia,Cacao,"Monilia (Moniliophthora roreri): sano, m1, m2, m3","1,953",Polígonos; detección; segmentación; severidad por etapa visual,COCO 1.0 + YOLO + máscaras PNG,CC BY 4.0,https://zenodo.org/records/17716661,https://zenodo.org/records/17716661/files/CocoaMoniliaDataSet.zip?download=1,wget/curl/Zenodo REST,Modelo cacao; detección + segmentación + severidad temprana de Monilia,P0 - Crítica,Verificado,Incluye train/test/val y anotaciones en múltiples formatos.
DS03,Coffee Leaf Disease Dataset - Uganda,Internacional,Uganda,Café,Sana; Roya; Phoma,"3,312",Clasificación por carpeta/clase,JPEG 256x256,CC BY 4.0,https://data.mendeley.com/datasets/k36wnd6knb/1,https://data.mendeley.com/datasets/k36wnd6knb/1,Mendeley Data - Download All,Fine-tuning y validación de generalización internacional para café,P1 - Alta,Verificado,Capturas de finca con smartphone y distintas condiciones de iluminación.
DS04,Coffee Leaf Dataset by Phytosanitary Class - Saposoa,Internacional,Perú,Café (Coffea arabica),Sana; Roya; Mancha de café (Mycena citricolor),"1,500",Clasificación supervisada; 500 por clase,Imágenes digitales/JPEG (landing page),CC BY 4.0,https://data.mendeley.com/datasets/mfpxg4y65r/1,https://data.mendeley.com/datasets/mfpxg4y65r/1,Mendeley Data - Download All,Fine-tuning para café; contraste Colombia/Perú y clasificación multiclase,P1 - Alta,Verificado,Etiquetado confirmado por especialistas de sanidad vegetal.
DS05,JMuBEN,Internacional,Kenia,Café arábica,Sana; Phoma; Roya; Cercospora; Miner (minador),"22,591",Clasificación por carpetas/clases; imágenes recortadas y aumentadas,Imágenes (landing Mendeley; archivos de imagen),CC BY 4.0,https://data.mendeley.com/datasets/t2r6rszp5c/1,https://data.mendeley.com/datasets/t2r6rszp5c/1,Mendeley Data - Download All,Principal complemento internacional para café; clases Phoma/Cercospora/minador,P0 - Crítica,Verificado,"La ficha actualizada indica 22,591 imágenes; no usar la cifra antigua de 58,555."
DS06,RoCoLe - Robusta Coffee Leaf,Internacional,Ecuador,Café Robusta,Sana; Roya; Araña roja,"1,560",Clasificación; segmentación de hoja; severidad / área afectada,Imágenes de campo; anotaciones asociadas al dataset,CC BY 4.0,https://doi.org/10.17632/c5yvn32dzg.2,https://doi.org/10.17632/c5yvn32dzg.2,Mendeley Data DOI,"Campo real, severidad y segmentación; excelente validación para café",P0 - Crítica,Verificado,Cuatro imágenes por cada uno de 390 cafetos; tomadas con smartphone en condiciones reales.
DS07,PlantVillage,Internacional,Multipaís,14 cultivos,26 enfermedades + clases sanas,"54,306",Clasificación por clase; agrupamiento por hoja disponible,JPEG; dataset HF incluye configs y splits,CC BY-SA 3.0 (mirror oficial HF actual),https://huggingface.co/datasets/mohanty/PlantVillage,https://huggingface.co/datasets/mohanty/PlantVillage/resolve/main/data.zip,Hugging Face / Datasets API / ZIP,"Pretraining/base multicultivo, no usar como único benchmark de campo",P0 - Crítica,Verificado,La ficha de HF actual declara CC BY-SA 3.0 y 80/20 train/test respetando leaf grouping.
DS08,PlantVillageVQA,Internacional,Multipaís,14 cultivos,38 enfermedades,"55,448","193,609 pares pregunta-respuesta; percepción, verificación y razonamiento",JPEG + CSV/JSON QA,CC BY 4.0,https://huggingface.co/datasets/SyedNazmusSakib/PlantVillageVQA,https://huggingface.co/datasets/SyedNazmusSakib/PlantVillageVQA,Hugging Face Hub,VLM/VQA y capa de explicación agronómica visual; no sustituye detector supervisado,P1 - Alta,Verificado,Útil para respuestas descriptivas y grounding de síntomas.
DS09,PlantDoc,Internacional,Multipaís,13 especies,Hasta 17 clases de enfermedad + sanas,"2,598",Etiquetado de imágenes para clasificación y detección,Imágenes; dataset GitHub,CC BY 4.0,https://github.com/pratikkayal/PlantDoc-Dataset,https://github.com/pratikkayal/PlantDoc-Dataset,git clone / GitHub,Fine-tuning de campo real y prueba de robustez,P0 - Crítica,Verificado,"Condiciones reales, fondos variables; clave para cerrar la brecha lab->campo."
DS10,PlantWild v2,Internacional,Multipaís,Multicultivo,115 clases de enfermedad,"11,488",Clasificación; experto refinado; v2 disease-only,Imágenes + metadata; Hugging Face/Google Drive/UQRDM,CC BY-NC-ND 4.0,https://tqwei05.github.io/PlantWild/access_v2,https://huggingface.co/datasets/Voxel51/PlantWild,Hugging Face Hub; alternativa Google Drive/UQRDM,Robustez in-the-wild; fine-tuning y benchmark de dominio,P0 - Crítica,Verificado,"v2 actual: 11,488 imágenes, 115 clases; no confundir con v1 de 18,542/89."
DS11,PlantSeg,Internacional,Multipaís,34 hospedantes,69 tipos; 115 combinaciones planta-enfermedad,"11,400+",Máscaras semánticas de zonas enfermas + bounding boxes derivados,JPEG + PNG masks + metadata CSV,CC BY-NC 4.0,https://doi.org/10.5281/zenodo.17719108,https://doi.org/10.5281/zenodo.17719108,Zenodo,"Segmentación de lesión, área afectada y severidad; complemento de PlantWild",P0 - Crítica,Verificado,Tiene train/val/test 70/10/20; la publicación indica metadata y licencia por imagen.
DS12,IP102,Internacional,Multipaís,Productos agrícolas diversos,102 categorías de plagas/insectos,"75,000+","Clasificación; 19,000 imágenes con bounding boxes",Imágenes + clases + bounding boxes,Libre para uso académico; contacto para otros usos,https://github.com/xpwu95/IP102,https://github.com/xpwu95/IP102,Google Drive/AliyunDrive desde README,Detector de plagas; YOLO/RT-DETR; clasificación jerárquica,P0 - Crítica,Verificado,No asumir autorización comercial; debe quedar bloqueado para uso productivo hasta revisión contractual.
DS13,Black Pod Rot Levels,Internacional,Filipinas,Cacao,Black Pod Rot,"~1,000",Clasificación ordinal por nivel 1-5,Imágenes 1080x1080 organizadas en 5 directorios,CC BY-SA 4.0,https://www.kaggle.com/datasets/zaldyjr/black-pod-rot-levels,https://www.kaggle.com/datasets/zaldyjr/black-pod-rot-levels,Kaggle API / descarga,Severidad de pudrición negra en cacao; clasificación ordinal,P1 - Alta,Verificado,Excelente para crear cabeza de severidad separada del diagnóstico de Monilia.
DS14,Cacao diseases - Roboflow Universe,Internacional,Multipaís / origen del proyecto no normalizado,Cacao,Healthy; Monilia; Phytophthora,No publicada en la ficha consultada,Object detection,Roboflow; exportación configurable (p.ej. YOLO/COCO según versión),CC BY 4.0,https://universe.roboflow.com/cacao-mev33/cacao-diseases-hrb5y,https://universe.roboflow.com/cacao-mev33/cacao-diseases-hrb5y,Roboflow export/API; versionar antes de usar,Complementar cacao; detector especializado,P1 - Alta,Verificado,Validar versión y conteo de imágenes al momento de exportar.
DS15,Coffee Leaf Computer Vision Dataset - Roboflow,Internacional,Origen no normalizado,Café,Healthy; Rust; Miner; Phoma,"1,664",Object detection,Roboflow; detección,CC BY 4.0,https://universe.roboflow.com/coffeleaf/coffee-leaf-y9jn4,https://universe.roboflow.com/coffeleaf/coffee-leaf-y9jn4,Roboflow export/API; versionar antes de usar,"Detección visual de roya, minador y Phoma en hoja de café",P1 - Alta,Verificado,Útil para pasar de clasificación a localización de síntomas/plagas.
DS16,AgriPath-LF16 (full),Internacional,Multipaís,16 cultivos,41 enfermedades; 65 pares cultivo-enfermedad,"111,307",Clasificación; metadata lab/field y split,Parquet / Image datasets,Revisar ficha/README antes de uso comercial,https://huggingface.co/datasets/hamzamooraj99/AgriPath-LF16,https://huggingface.co/datasets/hamzamooraj99/AgriPath-LF16,Hugging Face Hub,Benchmark lab-vs-field y comparación CNN/VLM; base de robustez,P1 - Alta,Verificado,La publicación 2026 reporta 111k imágenes y un subset balanceado LF16-30k.
DS17,AgriPath-LF16-30k (subset balanceado),Internacional,Multipaís,16 cultivos,65 pares cultivo-enfermedad,"28,482 (paper) / ~30k de referencia",Clasificación con train/val/test; balance por clase y dominio,Image + text/Parquet en HF,Revisar ficha/README antes de uso comercial,https://huggingface.co/datasets/hamzamooraj99/AgriPath-LF16,https://huggingface.co/datasets/hamzamooraj99/AgriPath-LF16,Hugging Face Hub; aplicar subset según paper,Benchmark controlado; robustez de dominio y selección de arquitectura,P1 - Alta,Verificado,"Paper 2026 corrige/precisa el subset balanceado a 28,482 imágenes con 65 pares."
DS18,AGROSAVIA - Resultados de Análisis de Laboratorio Suelos en Colombia,Nacional - Colombia,Colombia,Multicultivo,N/A,N/A,Datos tabulares de laboratorio,Datos abiertos / portal datos.gov.co,Revisar ficha individual del conjunto,https://www.agrosavia.co/nosotros/transparencia-y-acceso-a-informaci%C3%B3n-p%C3%BAblica/datos-abiertos,https://www.datos.gov.co/,Portal datos.gov.co; localizar por nombre exacto; API Socrata cuando aplique,"Features agronómicas: pH, fertilidad, salinidad y recomendaciones; no es dataset de visión",P0 - Crítica,Verificado - portal,AGROSAVIA confirma publicación de este conjunto en datos.gov.co.
DS19,AGROSAVIA - Análisis vegetal (foliar),Nacional - Colombia,Colombia,Multicultivo,Sintomatología foliar; no necesariamente diagnóstico etiológico,N/A,"Datos tabulares; municipio, departamento, cultivo, variedad, edad, parte, tamaño/color/deformación, fertilización, rendimiento",Datos abiertos / portal datos.gov.co,Revisar ficha individual del conjunto,https://www.agrosavia.co/nosotros/transparencia-y-acceso-a-informaci%C3%B3n-p%C3%BAblica/datos-abiertos,https://www.datos.gov.co/,Portal datos.gov.co; localizar por nombre exacto; API Socrata cuando aplique,Modelo multimodal: visión + sintomatología foliar + contexto agronómico,P0 - Crítica,Verificado - portal,"AGROSAVIA publica que el conjunto incluye cultivo, variedad, edad, parte y sintomatología entre otros campos."
DS20,ICA SISFITO,Nacional - Colombia,Colombia,Multicultivo,"Plagas endémicas/exóticas, importancia económica/cuarentenaria",No declarado como dataset de imágenes,Vigilancia/captura epidemiológica,Sistema web; consultar exportaciones disponibles,Revisar términos/permiso de uso de los datos,https://sisfito.ica.gov.co/,https://sisfito.ica.gov.co/,Consulta/exportación si está habilitada; posible integración institucional,"Contexto epidemiológico, presencia/ausencia, riesgo por territorio; no usar como imagen sin evidencia",P0 - Crítica,Verificado - sistema público,"SISFITO captura y consolida ubicación, especies, plagas y vigilancia general/específica."
DS21,"SIOC / MinAgricultura - Cacao, cifras sectoriales e histórica",Nacional - Colombia,Colombia,Cacao,Monilia y otras variables sectoriales/históricas,N/A,Series/documentos estadísticos; no imágenes,PDF/CSV según recurso,Revisar ficha/condiciones de cada recurso,https://sioc.minagricultura.gov.co/Cacao/,https://sioc.minagricultura.gov.co/Cacao/,Portal SIOC / descarga de documentos,Features temporales y epidemiológicas; evaluación de riesgo por cultivo/región,P1 - Alta,Verificado - portal,Complementa visión; no debe mezclarse como si fuera etiqueta de imagen.
DS22,Open Plant Disease Dataset (referencia de literatura),Internacional,Multipaís,Multicultivo,Diversas,"8,000+ (reportado en literatura)",Compilación heterogénea; revisar fuente por imagen,Heterogéneo,No asumir una única licencia; revisar procedencia,https://pmc.ncbi.nlm.nih.gov/articles/PMC10070872/,No identificado como repositorio único verificable,Discovery only,Solo tras verificación de procedencia/licencia; no incorporar automáticamente,P2 - Condicional,No usar aún,Se deja en inventario para trazabilidad de la lista original; requiere resolver repositorio/licencia por fuente.
